id,first_name,last_name,email,gender,ip_address
1,Peg,Lukianov,plukianov0@mozilla.com,Female,1
2,Cirstoforo,Franciottoi,cfranciottoi1@biblegateway.com,Male,2
3,Dav,Rignoldes,drignoldes2@zdnet.com,Male,3
4,Wilie,Caddies,wcaddies3@redcross.org,Female,4
5,Farah,MacNeilley,fmacneilley4@posterous.com,Female,5
6,Ingaborg,Kaemena,ikaemena5@hhs.gov,Female,6
7,Wallache,Mapledoore,wmapledoore6@ed.gov,Male,7
8,Sly,Carslake,scarslake7@liveinternet.ru,Male,8
9,Hilario,Pentycross,hpentycross8@hhs.gov,Male,9
10,Leandra,Pelchat,lpelchat9@elpais.com,Female,10
11,Viole,Mayall,vmayalla@reddit.com,Female,11
12,Roosevelt,De Rye Barrett,rderyebarrettb@soup.io,Male,12
13,Augustina,Pentelo,apenteloc@redcross.org,Female,13
14,Eddy,Wahner,ewahnerd@utexas.edu,Female,14
15,Alexis,Collopy,acollopye@ebay.com,Female,15
16,Aimil,Savary,asavaryf@google.es,Female,16
17,Shanda,Gilson,sgilsong@tumblr.com,Female,17
18,Datha,Orritt,dorritth@wunderground.com,Genderfluid,18
19,Burt,De La Coste,bdelacostei@unicef.org,Bigender,19
20,Elise,Beames,ebeamesj@java.com,Female,20
21,Rossie,Fance,rfancek@ebay.co.uk,Male,21
22,Yorke,Blofeld,yblofeldl@cpanel.net,Male,22
23,Clayborn,Pruckner,cprucknerm@ftc.gov,Male,23
24,Teressa,Sebrens,tsebrensn@sbwire.com,Female,24
25,Rickert,Whyard,rwhyardo@csmonitor.com,Male,25
26,Pavel,Hadfield,phadfieldp@baidu.com,Male,26
27,Dorry,Loughead,dlougheadq@cdbaby.com,Female,27
28,Grove,Zaczek,gzaczekr@rediff.com,Male,28
29,Elise,Lewins,elewinss@eventbrite.com,Female,29
30,Lishe,Nower,lnowert@1und1.de,Female,30
31,Deni,Millea,dmilleau@dagondesign.com,Female,31
32,Gert,Van Zon,gvanzonv@ca.gov,Female,32
33,Lindsay,Thorlby,lthorlbyw@vistaprint.com,Bigender,33
34,Johann,Dreakin,jdreakinx@statcounter.com,Male,34
35,Karie,Breckell,kbreckelly@illinois.edu,Female,35
36,Mariann,Caldairou,mcaldairouz@furl.net,Female,36
37,Maximo,Forrestall,mforrestall10@uiuc.edu,Male,37
38,Nanon,Gilley,ngilley11@163.com,Female,38
39,Ax,Boote,aboote12@ovh.net,Non-binary,39
40,Valina,Maps,vmaps13@google.com,Female,40
41,Andy,Tumbelty,atumbelty14@japanpost.jp,Male,41
42,Ira,Hedworth,ihedworth15@ezinearticles.com,Non-binary,42
43,Milton,Dunleavy,mdunleavy16@soundcloud.com,Genderfluid,43
44,Wendi,Tourville,wtourville17@mysql.com,Female,44
45,Ky,Blasik,kblasik18@chronoengine.com,Agender,45
46,Nina,MacCoughan,nmaccoughan19@youku.com,Agender,46
47,Doe,Dulen,ddulen1a@china.com.cn,Agender,47
48,Iggy,Shepherd,ishepherd1b@harvard.edu,Male,48
49,Mela,Grinsted,mgrinsted1c@ucoz.com,Genderfluid,49
50,Bendicty,Tallow,btallow1d@yellowpages.com,Male,50
51,Hilda,Lavalde,hlavalde1e@vistaprint.com,Female,51
52,Patrizius,Althrop,palthrop1f@livejournal.com,Male,52
53,Myrtie,Childrens,mchildrens1g@webeden.co.uk,Female,53
54,Marlena,Tuffrey,mtuffrey1h@smugmug.com,Female,54
55,Knox,Broggetti,kbroggetti1i@shutterfly.com,Male,55
56,Ingelbert,Carneck,icarneck1j@weibo.com,Bigender,56
57,Flore,Blankenship,fblankenship1k@java.com,Female,57
58,Catlaina,McDowall,cmcdowall1l@wordpress.com,Female,58
59,Olivia,Simmers,osimmers1m@upenn.edu,Female,59
60,Jesse,Proschke,jproschke1n@sitemeter.com,Genderfluid,60
61,Normand,Floch,nfloch1o@feedburner.com,Male,61
62,Saunders,Alred,salred1p@pcworld.com,Male,62
63,Mala,Strover,mstrover1q@qq.com,Female,63
64,Janek,Mewett,jmewett1r@comsenz.com,Male,64
65,Reggis,Jozwiak,rjozwiak1s@netscape.com,Male,65
66,Lesley,Pestor,lpestor1t@ebay.co.uk,Female,66
67,Booth,Bestall,bbestall1u@washingtonpost.com,Male,67
68,Grace,Knowlman,gknowlman1v@hexun.com,Male,68
69,Lee,Fosdyke,lfosdyke1w@paypal.com,Female,69
70,Claiborn,Wogdon,cwogdon1x@technorati.com,Male,70
71,Allsun,Goodlife,agoodlife1y@topsy.com,Female,71
72,Konstance,Danbi,kdanbi1z@over-blog.com,Female,72
73,Gerry,Bradden,gbradden20@dailymotion.com,Female,73
74,Aurlie,Shemilt,ashemilt21@artisteer.com,Bigender,74
75,Aldon,Gillani,agillani22@weather.com,Male,75
76,Brose,Botha,bbotha23@microsoft.com,Male,76
77,Sidoney,Ivankovic,sivankovic24@jugem.jp,Non-binary,77
78,Hannah,Mapstone,hmapstone25@acquirethisname.com,Female,78
79,Ugo,Coneron,uconeron26@networkadvertising.org,Male,79
80,Vin,Denyakin,vdenyakin27@unesco.org,Male,80
81,Domeniga,Pegler,dpegler28@github.io,Female,81
82,Maryl,Ashworth,mashworth29@exblog.jp,Female,82
83,Rudolfo,Denisard,rdenisard2a@gnu.org,Male,83
84,Hugh,MacCarter,hmaccarter2b@wufoo.com,Male,84
85,Darleen,Orr,dorr2c@apache.org,Female,85
86,Mark,Dymocke,mdymocke2d@mediafire.com,Male,86
87,Jenilee,Hoggan,jhoggan2e@google.it,Female,87
88,Ranice,Garmons,rgarmons2f@hhs.gov,Female,88
89,Raychel,Hussy,rhussy2g@berkeley.edu,Female,89
90,Maje,Tidridge,mtidridge2h@dailymail.co.uk,Male,90
91,Idaline,Greensite,igreensite2i@dagondesign.com,Female,91
92,Ilyse,Rosoman,irosoman2j@webeden.co.uk,Female,92
93,Carlin,Bovis,cbovis2k@toplist.cz,Female,93
94,Barb,Zum Felde,bzumfelde2l@google.ru,Female,94
95,Fabe,Church,fchurch2m@flickr.com,Male,95
96,Aldon,Loutheane,aloutheane2n@acquirethisname.com,Male,96
97,Ambrosius,Prime,aprime2o@wufoo.com,Male,97
98,Norbie,Morrid,nmorrid2p@meetup.com,Bigender,98
99,Ira,Sudell,isudell2q@gnu.org,Female,99
100,Freemon,Whyley,fwhyley2r@jugem.jp,Bigender,100
